Unnamed: 0,SMILES,pred_gap,DFT_gap,RE
0,O=C1[C]2[C]C(=S)C=C21,1.8048238,2.6405925620212405,31.65080346138298
14,C=Nc1cc2ccc1N=CC=C2SC,1.9521871,4.095040958971316,52.32802016978131
20,O=CC=CC1=CC(C=O)=CNN=C1,1.8293439,2.775561019437,34.09102206043132
